Youtube (top 50 channels per category);Facebook (Based on Crowdtangle list);Reddit (indicated subreddit and up to 50 related subreddits)
•       Auto & Vehicles ;(None);http://reddit.com/r/cars
•       Comedy ;(Comedians, Comedy TV Shows - 374 pages);http://reddit.com/r/funny
•       Education ;(Education Media - 23 pages);http://reddit.com/r/educationalgifs
•       Entertainment ;"(Entertainment Influencers - 2791 pages global; US Entertainment Media - 53 pages)";http://reddit.com/r/entertainment
•       Film ;(Several lists of film releases per year and genre/distributor);http://reddit.com/r/movies
•       Gaming ;(Gamin companies - 34 pages);http://reddit.com/r/gaming
•       How to & style ;(US Style Publications -  20 Pages);http://reddit.com/r/MakeupAddiction
•       Made for kids ;(None);(None)
•       Music ;(Music artists  - 5902 pages [global], US Music Media (22 pages);http://reddit.com/r/Music
•       News & Politics;(General & Political Media);"http://reddit.com/r/news; http://reddit.com/r/politics"
•       Nonprofit & Activism ;(None);
•        People & blogs ;(US Celebrities - 432 pages);http://reddit.com/r/LifeProTips
•       Pets & Animals; (Several animal shelter lists per state, not sure if useful for us);http://reddit.com/r/AnimalsBeingBros
•       Science & Technology ;(Science Media [Global] - 134 pages, US Science & Tech pubs - 25 pages);http://reddit.com/r/askscience
•       Shows ;(Several TV show lists per streaming platform/ TV channel);http://reddit.com/r/television
•       Sports ;(Sports Media [Global] - 298 Pages;http://reddit.com/r/sports
•       Travel ;(Travel [Global] - 303 pages, US Travel & Adventure Pubs - 23 pages);http://reddit.com/r/travel
